no,thai_name,ascii_name,status
01,สำนักงานนโยบายและยุทธศาสตร์การค้า.pdf,01-tpso.pdf,copied
02,กรมกิจการเด็กและเยาวชน.pdf,02-dcy.pdf,copied
03,สำนักงานสภาพัฒนาการเศรษฐกิจและสังคมแห่งชาติ.pdf,03-nesdc.pdf,copied
04,สำนักงานปลัดกระทรวงการท่องเที่ยวและกีฬา.pdf,04-mots-ops.pdf,copied
05,สำนักงาน กพร..pdf,05-opdc.pdf,copied
06,กรมสุขภาพจิต.pdf,06-dmh.pdf,copied
07,สำนักงานการวิจัยแห่งชาติ.pdf,07-nrct.pdf,copied
08,สำนักงานนโยบายและแผนทรัพยากรธรรมชาติและสิ่งแวดล้อม.pdf,08-onep.pdf,copied
09,สำนักงานมาตรฐานสินค้าเกษตรและอาหารแห่งชาติ.pdf,09-acfs.pdf,copied
10,กรมส่งเสริมวัฒนธรรม.pdf,10-dcp.pdf,copied
11,องค์กรทดสอบระบบ.pdf,11-test-org.pdf,copied
12,กรมวิทยาศาสตร์บริการ.pdf,12-dss.pdf,copied
